{"train/lr":0.00019122272450159745,"train/epoch":0.4799,"_timestamp":1.773571492708338e+09,"_step":150,"_wandb":{"runtime":2205},"_runtime":2205.783680458,"train/loss":1.364163118628785}